INDEX_DATE,ITEM_ID,ITEM_DESC,INDEX_ALGORITHM,STRATUM_IND,ITEM_INDEX,ALL_GM_INDEX,GM_RA_INDEX,COICOP_WEIGHT,ITEM_WEIGHT,CPIH_COICOP_WEIGHT
201609,210102,LARGE LOAF-WHITE-UNSLICED-800G,1,1,99.719,99.399,99.719,0.3,0.44,0.26
201609,210106,SIX BREAD ROLLS-WHITE/BROWN,1,1,101.71,101.957,101.71,0.6,0.72,0.52
201609,210111,WHITE SLICED LOAF BRANDED 750G,1,1,95.531,95.594,95.531,0.9,1.08,0.78
201609,210113,WHOLEMEAL SLICED LOAF BRANDED,1,1,99.091,99.01,99.091,0.75,0.88,0.65
201609,210114,CHILLED GARLIC BREAD,1,1,106.924,104.302,106.924,0.6,0.88,0.52
201609,210201,FLOUR-SELF-RAISING-1.5KG,1,1,99.273,99.349,99.273,0.3,0.2,0.26
201609,210204,DRY SPAGHETTI OR PASTA 500G,1,1,107.296,105.331,107.296,0.15,0.32,0.13
201609,210211,CORN SNACK SINGLE PACKET,1,1,100.369,100.124,100.369,1.05,0.6,0.91
201609,210212,BASMATI RICE 500G-1KG,1,1,89.94,88.683,89.94,0.3,0.6,0.26
201609,210213,BREAKFAST CEREAL 1,1,1,96.619,96.138,96.619,1.05,0.6,0.91
201609,210214,BREAKFAST CEREAL 2,1,1,101.548,101.007,101.548,1.8,1,1.56
201609,210215,CEREAL BAR,1,1,105.219,105.21,105.219,0.6,0.36,0.52
201609,210216,HOT OAT CEREAL,1,1,98.629,98.127,98.629,0.3,0.2,0.26
201609,210217,RICE MICRO POUCH/TRAY 220-280G,1,1,103.523,102.589,103.523,0.15,0.12,0.13
201609,210301,CREAM CRACKERS PACK 200G-300G,1,1,99.237,99.46,99.237,0.45,0.48,0.39
201609,210302,PLAIN BISCUITS-200-300G,1,1,95.943,95.168,95.943,1.2,1.44,1.04
201609,210317,FRUIT PIES 4-6 PACK,1,1,90.155,89.183,90.155,0.3,0.36,0.26
201609,210319,DOUGHNUT-EACH,1,1,100.357,99.386,100.357,0.75,0.9,0.65
201609,210320,WHOLE SPONGE CAKE NOT FROZEN,1,1,95.128,95.864,95.128,0.75,0.9,0.65
201609,210321,PACK OF 5-6 INDIVIDUAL CAKES,1,1,101.995,101.164,101.995,0.6,0.72,0.52
201609,210322,CHOCOLATE 11,1,1,105.488,105.514,105.488,0.6,1.2,0.52
201609,210403,HOME KILLED BEEF-LEAN MINCE KG,1,1,91.813,91.639,91.813,0.84,1.24,0.68
201609,210406,HOME KLD BEEF-RUMP/POPES STEAK,1,1,98.109,98.067,98.109,1.05,1.6,0.85
201609,210413,HOME KILLED BEEF-TOPSIDE KG,1,1,92.918,93.124,92.918,0.42,0.72,0.34
201609,210414,FROZEN BEEFBURGERS PACK OF 4,1,1,100.533,100.913,100.533,0.42,0.44,0.34
201609,210502,HOME KILLED LAMB-SHOULDER KG,1,1,103.764,104.176,103.764,0.42,0.62,0.34
201609,210506,HK LAMB LOIN CHOP/STEAK PER KG,1,1,97.77,97.209,97.77,0.21,0.38,0.17
201609,210606,FRZEN IMP LAMB: LEG (PER KG),1,1,98.972,98.915,98.972,0.84,1,0.68
201609,210703,HOME KILLED PORK-LOIN CHOPS KG,1,1,97.902,97.668,97.902,1.05,1,0.85
201609,210802,BACON-GAMMON-PER KG,1,1,94.603,94.193,94.603,0.42,0.25,0.34
201609,210808,BACON-BACK-PER KG,1,1,95.007,94.999,95.007,1.89,0.75,1.53
201609,210905,FRESH/CHILLED CHICKEN  PER KG,1,1,89.924,89.317,89.924,0.63,0.76,0.51
201609,210910,FRESH BONELESS CHICKEN BREAST,1,1,93.786,93.714,93.786,1.47,1.88,1.19
201609,210911,FRESH TURKEY STEAKS PER KG,1,1,97.209,97.162,97.209,0.42,0.4,0.34
201609,210912,FROZEN CHICKEN BREASTS,1,1,98.725,98.486,98.725,0.63,0.72,0.51
201609,210913,ROTISSERIE CHICKEN [WHOLE],1,1,100.37,100.401,100.37,0.21,0.24,0.17
201609,211007,CANNED MEAT-STEWED STEAK,1,1,100.603,100.581,100.603,0.42,0.18,0.34
201609,211010,PORK PIE INDIVIDL APP 3IN/8CM,1,1,100.517,100.582,100.517,0.63,0.36,0.51
201609,211011,INDIVIDUAL MEAT PIE,1,1,100.919,101.289,100.919,1.26,0.66,1.02
201609,211014,SAUSAGES-PORK-PER KG,1,1,99.686,97.868,99.686,1.68,0.84,1.36
201609,211016,COOKED HAM LOOSE SPECIFY TYPE,1,1,100.056,101.725,100.056,0.63,0.36,0.51
201609,211019,FROZ CHICKEN NUGGETS 220-600G,1,1,96.312,96.688,96.312,0.42,0.48,0.34
201609,211023,COOKED HAM PREPACKED SLICED,1,1,101.635,97.215,101.635,2.1,1.08,1.7
201609,211024,CONTINENTAL SLICED DELI MEAT,1,1,97.068,96.972,97.068,0.63,0.36,0.51
201609,211025,JOINT OV/READ GAM/POR 450-700G,1,1,100.895,100.662,100.895,0.21,0.12,0.17
201609,211026,CHICKEN KIEV 2 PACK 240-310G,1,1,94.233,94.778,94.233,0.42,0.48,0.34
201609,211027,H K LIVER PER KG STATE TYPE,1,1,98.344,98.335,98.344,0.21,0.06,0.17
201609,211028,MEAT BASED SNACK M/PACK 400G,1,1,102.422,102.927,102.422,1.05,0.48,0.85
201609,211029,COOKED MEAT TURKEY/CHICK SLICE,1,1,96.502,96.98,96.502,0.42,0.54,0.34
201609,211101,FRESH WHITE FISH FILLETS KG,1,1,96.313,94.91,96.313,0.96,0.6,0.72
201609,211105,FRESH FISH-SALMON FILLETS-KG,1,1,101.913,101.43,101.913,1.36,0.86,1.02
201609,211106,FROZEN PRAWNS PER KG,1,1,96.727,95.683,96.727,0.36,0.54,0.27
201609,211207,"CANNED FISH, TUNA, 130G-200G",1,1,107.247,107.392,107.247,0.64,0.98,0.48
201609,211210,FROZEN FISH FINGERS 8-12 PK,1,1,96.703,96.758,96.703,0.56,0.82,0.42
201609,211211,FROZEN BREAD/BAT FISH 400-550G,1,1,101.934,101.739,101.934,0.12,0.2,0.09
201609,211305,SPREADABLE BUTTER,1,1,95.006,95.62,95.006,0.42,0.56,0.42
201609,211306,BUTTER 250G SPEC COO,1,1,94.361,94.466,94.361,0.36,0.44,0.36
201609,211407,MARGARINE/LOW FAT SPREAD-500G,1,1,100.764,101.01,100.764,0.7,0.57,0.7
201609,211408,OLIVE OIL - 500ML - 1 LITRE,1,1,98.21,99.103,98.21,0.52,0.43,0.52
201609,211501,CHEDDAR-HOME PRODUCED PER KG,1,1,94.446,94.026,94.446,1.56,1.65,1.3
201609,211506,"CHEESE SPREAD, 125g-200g TUB",1,1,104.16,103.069,104.16,0.48,0.54,0.4
201609,211507,EDAM PER KG,1,1,101.919,101.726,101.919,0.12,0.12,0.1
201609,211509,HARD REGIONAL CHEESE PER KG,1,1,97.945,97.71,97.945,0.24,0.24,0.2
201609,211510,PARMESAN CHEESE-PER KG,1,1,100.166,100.097,100.166,0.12,0.15,0.1
201609,211511,SOFT CONTINENTAL CHEESE - KG,1,1,98.481,98.242,98.481,0.36,0.3,0.3
201609,211602,EGGS-MEDIUM-PER DOZ OR 2 X 6,1,1,90.241,90.721,90.241,0.48,0.48,0.4
201609,211603,EGGS-LARGE-PER DOZ OR 2 X 6,1,1,92.507,92.695,92.507,0.6,0.52,0.5
201609,211707,DELVD MILK SEMI-SKIMMED PER PT,1,0,100,100,100,0.24,0.15,0.2
201609,211709,SHOP MILK-WHOLE MILK-4PT/2LTR,1,1,101.005,101.167,101.005,0.84,0.48,0.7
201609,211710,MILK SEMI-PER 2 PINTS/1.136 L,1,1,101.061,101.308,101.061,3.72,2.22,3.1
201609,211713,MILK FLAVOURED 330-500MLS/GMS,1,1,92.894,93.108,92.894,0.24,0.15,0.2
201609,211807,"YOGHURT/FROMAGE 4-6PK, 45-125G",1,1,98.13,97.744,98.13,1.32,1.76,1.1
201609,211808,CHILLED POT DESSERT 125-200G,1,1,88.956,87.634,88.956,0.6,0.84,0.5
201609,211814,YOGHURT-SMALL INDIVIDUAL,1,1,94.278,94.119,94.278,0.48,0.68,0.4
201609,211815,FRESH DOUBLE CREAM 250ML-300ML,1,1,99.804,99.808,99.804,0.24,0.36,0.2
201609,211816,POWDERED BABY FORMULA 400-900G,1,1,102.385,102.667,102.385,0.36,0.36,0.3
201609,211901,TEA BAGS PKT OF 80 (230G-250G),1,1,100.867,100.465,100.867,0.84,0.77,0.84
201609,211904,TEA BAGS-2-PACKET OF 240,1,1,110.203,109.902,110.203,0.27,0.23,0.27
201609,212001,"FRUIT SQUASH, 750ML - 1.5LT",1,1,111.305,111.567,111.305,0.9,0.9,0.7
201609,212006,FRUIT JUICE NOT ORANGE 1L,1,1,94.421,93.673,94.421,0.9,0.81,0.7
201609,212008,LEMONADE-2 LITRE BOTTLE,1,1,94.562,92.653,94.562,0.18,0.18,0.14
201609,212010,MINERAL WATER STILL 1.5-2L,1,1,98.719,98.538,98.719,0.45,0.45,0.35
201609,212011,COLA FLAVD DRINK 1.75-2 LT BTL,1,1,91.148,91.011,91.148,1.35,1.44,1.05
201609,212015,FIZZY ENERGY DRINK 250-500ML,1,1,98.119,98.578,98.119,1.08,1.17,0.84
201609,212016,FRESH/CHILL ORANGE JUICE 900ML,1,1,99.434,98.965,99.434,1.17,0.99,0.91
201609,212017,FIZZY BOTTLED DRINK 500ML,1,1,100.74,100.869,100.74,1.35,1.44,1.05
201609,212019,PURE FRUIT SMOOTHIE 750ML-1LTR,1,1,126.856,129.237,126.856,0.18,0.18,0.14
201609,212020,FRUIT DRINK BOTTLE 4-8 PACK,1,1,96.849,99.502,96.849,0.27,0.27,0.21
201609,212021,BOTTLE STILL WATER 500ML,1,1,103.806,102.621,103.806,0.45,0.45,0.35
201609,212022,MIXER DRINK BOTTLE 1L EG TONIC,1,1,94.555,93.273,94.555,0.36,0.36,0.28
201609,212023,COLA/FIZZY DRINK 330ML PK 4-8,1,1,95.823,96.338,95.823,0.36,0.36,0.28
201609,212101,SUGAR -GRANULATED-WHITE-PER KG,1,1,99.41,99.405,99.41,0.12,0.36,0.1
201609,212106,JAR OF JAM-340-454G,1,1,106.907,106.356,106.907,0.24,0.49,0.2
201609,212107,HONEY JAR/BOTTLE 340G,1,1,103.929,104.058,103.929,0.12,0.15,0.1
201609,212202,MINTS,1,1,99.692,99.446,99.692,0.24,0.22,0.2
201609,212211,CHOCOLATE 4,1,1,98.391,97.834,98.391,1.8,1.98,1.5
201609,212214,FRUIT PASTILLES 2,1,1,99.941,99.863,99.941,1.08,1.1,0.9
201609,212217,CHEWING/BUBBLE GUM-SINGLE PK,1,1,100.404,100.311,100.404,0.24,0.33,0.2
201609,212218,CARTON/BOX OF CHOCS 150-400GM,1,1,81.809,83.055,81.809,1.08,1.1,0.9
201609,212219,CHOCOLATE 8,1,1,97.382,96.801,97.382,0.84,0.88,0.7
201609,212222,CHOCOLATE 10,1,1,100.039,100.004,100.039,1.56,1.65,1.3
201609,212223,BRAND CHOC SWEETS 100-185G BAG,1,1,96.637,96.749,96.637,0.72,0.77,0.6
201609,212224,"SWEETS, NOT CHOC, 150-250G BAG",1,1,95.237,95.22,95.237,1.2,1.32,1
201609,212225,CHOCOLATE LARGE BAR 100-200G,1,1,94.386,95.254,94.386,1.56,1.65,1.3
201609,212360,POTATOES-OLD WHITE PER KG,1,0,95.435,94.119,95.435,0.91,0.61,0.77
201609,212361,POTATOES- BAKING PER KG,1,0,101.219,101.332,101.219,0.26,0.18,0.22
201609,212399,POTATOES-NEW-LOOSE-PER KG,1,0,102.124,103.441,102.124,0.26,0.21,0.22
201609,212402,POTATO CRISPS-25G/40G,1,1,100.468,100.368,100.468,0.39,0.24,0.33
201609,212404,POTATO CRISPS-MULTI-PACK,1,1,97.253,97.427,97.253,1.17,0.64,0.99
201609,212405,FROZEN CHIPS 900G-1KG,1,1,96.656,96.054,96.656,0.78,0.78,0.66
201609,212408,PREMIUM POTATO CRISPS/CHIPS,1,1,116.903,118.489,116.903,0.65,0.34,0.55
201609,212504,FRESH VEG-CAULIFLOWER-EACH,1,1,102.419,102.419,102.419,0.39,0.42,0.33
201609,212510,FRESH VEG-CUCUMBER-WHOLE,1,1,96.632,97.148,96.632,0.26,0.3,0.22
201609,212511,FRESH VEG-LETTUCE-ICEBERG-EACH,1,1,88.764,89.052,88.764,0.39,0.36,0.33
201609,212515,FRESH VEG-TOMATOES-PER KG,1,1,96.971,97.049,96.971,0.91,0.96,0.77
201609,212516,FRESH VEG-CABBAGE-WHOLE-PER KG,1,1,99.116,98.899,99.116,0.26,0.24,0.22
201609,212518,FRESH VEG-CARROTS-PER KG,1,1,99.035,99.136,99.035,0.39,0.42,0.33
201609,212519,FRESH VEG-ONIONS-PER KG,1,1,98.492,99.347,98.492,0.65,0.6,0.55
201609,212520,FRESH VEG-MUSHROOMS-PER KG,1,1,96.765,96.457,96.765,0.52,0.48,0.44
201609,212527,PRE-PACKED SALAD 100-250G,1,1,98.053,97.836,98.053,0.52,0.48,0.44
201609,212530,FRESH VEG-BROCCOLI-PER KG,1,1,89.385,89.044,89.385,0.26,0.24,0.22
201609,212531,FRESH VEG-COURGETTE-PER KG,1,1,91.776,90.96,91.776,0.39,0.36,0.33
201609,212532,FRESH VEG-PEPPERS -LOOSE OR KG,1,1,94.929,92.124,94.929,0.39,0.36,0.33
201609,212533,VEGETABLE STIR FRY FRESH PACK,1,1,99.405,99.652,99.405,0.39,0.42,0.33
201609,212534,SWEET POTATO PER KG,1,1,87.906,87.053,87.906,0.39,0.36,0.33
201609,212601,CANNED TOMATOES 390-400G,1,1,111.487,106.004,111.487,0.39,0.4,0.33
201609,212603,"BAKED BEANS, 400-420G TIN",1,1,104.665,104.042,104.665,0.52,0.56,0.44
201609,212608,CANNED SWEETCORN 198-340G,1,1,103.945,104.468,103.945,0.39,0.44,0.33
201609,212609,FROZEN GARDEN PEAS 800G-1KG,1,1,94.248,94.641,94.248,0.52,0.6,0.44
201609,212709,ORANGES-CLASS 1-EACH,1,1,100.472,100.91,100.472,0.36,0.35,0.32
201609,212710,AVOCADO PEAR-EACH,1,1,108.769,110.336,108.769,0.27,0.28,0.24
201609,212712,KIWI FRUIT-EACH,1,1,103.319,102.995,103.319,0.18,0.21,0.16
201609,212715,GRAPEFRUIT-EACH,1,1,101.815,101.633,101.815,0.27,0.21,0.24
201609,212716,APPLES-COOKING-PER KG,1,1,102.213,102.308,102.213,0.27,0.28,0.24
201609,212717,APPLES-DESSERT-PER KG,1,1,104.134,104.249,104.134,0.72,0.7,0.64
201609,212718,PEARS-DESSERT-PER KG,1,1,99.926,99.947,99.926,0.27,0.28,0.24
201609,212719,BANANAS-PER KG,1,1,100.13,100.129,100.13,0.9,0.84,0.8
201609,212720,STRAWBERRIES PER KG OR PUNNET,1,1,78.84,83.114,78.84,1.08,0.98,0.96
201609,212722,GRAPES-PER KG,1,1,102.112,101.875,102.112,0.9,0.84,0.8
201609,212725,SMALL TYPE ORANGES PER PACK/KG,1,1,116.351,118.318,116.351,0.27,0.21,0.24
201609,212726,PLUMS PER KG/PACK,1,1,90.507,89.733,90.507,0.27,0.28,0.24
201609,212727,PEACH/NECTARINE EACH,1,1,93.521,91.98,93.521,0.27,0.28,0.24
201609,212728,PINEAPPLE EACH,1,1,107.416,108.181,107.416,0.27,0.21,0.24
201609,212729,BLUEBERRIES PUNNET PER KG,1,1,119.993,128.322,119.993,0.45,0.42,0.4
201609,212730,FRUIT FRESH SNACKING 150-350G,1,1,98.225,98.101,98.225,0.18,0.21,0.16
201609,212731,MELON EACH EG HONEYDEW,1,1,94.91,94.409,94.91,0.27,0.21,0.24
201609,212732,LEMON EACH,1,1,114.465,114.515,114.465,0.18,0.21,0.16
201609,212806,PACKET OF PEANUTS 90-200G,1,1,104.402,103.225,104.402,1.08,0.58,0.96
201609,212807,CANNED FRUIT-400-450G,1,1,99.361,99.23,99.361,0.18,0.16,0.16
201609,212808,DRIED FRUIT - EG APRICOTS,1,1,99.852,99.709,99.852,0.36,0.26,0.32
201609,212905,VEGETABLE PICKLE 280-520G,1,1,100.85,100.834,100.85,0.13,0.1,0.11
201609,212910,CANNED SOUP-390-425G,1,1,116.512,117.327,116.512,0.3,0.6,0.2
201609,212917,TOMATO KETCHUP,1,1,106.549,104.358,106.549,0.42,0.9,0.28
201609,212918,FRZN READY-COOKD MEAL SERVES 1,1,1,99.353,99.41,99.353,0.18,0.4,0.12
201609,212923,COOK-IN SAUCE-JAR/CAN 350-520G,1,1,110.901,111.298,110.901,0.51,1.1,0.34
201609,212928,FROZ VEG BURGER/GRILL 200-454G,1,1,101.099,101.376,101.099,0.52,0.5,0.44
201609,212930,MAYONNAISE 390-500G/420-540MLS,1,1,109.247,109.351,109.247,0.33,0.7,0.22
201609,212933,ICE CREAM 500ML-1L,1,1,89.827,91.2,89.827,0.6,0.4,0.5
201609,212934,DRIED POTTED SNACK 50-120G,1,1,98.416,100.594,98.416,0.6,1.1,0.52
201609,212936,CHILLED READY MEAL-MEAT-SERVS1,1,1,100.274,100.727,100.274,0.6,1.3,0.4
201609,212937,CHILLED READY MEAL-FISH/VEG,1,1,102.364,102.628,102.364,0.57,1.2,0.38
201609,212938,CHOCOLATE COVERED ICE CREAM,1,1,92.131,93.332,92.131,0.6,0.4,0.5
201609,212939,CHILLED PIZZA EACH 300-600G,1,1,98.129,97.466,98.129,0.9,1.1,0.78
201609,212940,PROTEIN POWDER 900G-2KG,1,1,97.739,98.822,97.739,0.09,0.2,0.06
201609,213001,COFFEE: GROUND: FILTER FINE,1,1,98.947,99.057,98.947,0.27,0.3,0.27
201609,213003,COFFEE-INSTANT-100G JAR,1,1,99.412,99.46,99.412,1.23,1.3,1.23
201609,213005,HOT CHOCOLATE DRINK INSTANT,1,1,96.916,96.203,96.916,0.21,0.2,0.21
201609,213006,COFFEE PODS PACK 8-16,1,1,101.912,102.174,101.912,0.18,0.2,0.18
201609,220107,PUB -HOT MEAL,1,1,102.225,102.442,102.225,5.58,4.48,4.62
201609,220111,BURGER IN BUN-EAT IN,1,1,101.58,101.492,101.58,5.58,4.48,4.62
201609,220116,LEMONADE/COLA DRAUGHT,1,1,102.139,102.18,102.139,0.93,1.12,0.77
201609,220117,BOTTLED MINERAL WATER,1,1,102.056,102.162,102.056,0.93,1.12,0.77
201609,220120,IN STORE CAFETERIA MEAL,1,1,101.078,101.049,101.078,4.65,4.48,3.85
201609,220121,RESTAURANT CUP OF COFFEE,1,1,101.476,101.506,101.476,0.93,1.12,0.77
201609,220122,RESTAURANT - SWEET COURSE,1,1,101.412,101.515,101.412,1.86,2.52,1.54
201609,220123,ONBOARD CATERING,1,0,100.386,100.877,100.877,0.93,0.56,0.77
201609,220124,MUFFIN/INDIVIDUAL CAKE,1,1,101.891,102.167,101.891,2.79,2.52,2.31
201609,220125,FRUIT JUICE BOTTLE 250-350ML,1,1,100.562,100.529,100.562,0.93,1.12,0.77
201609,220128,RESTAURANT MAIN COURSE,1,1,101.686,101.869,101.686,5.58,4.48,4.62
201609,220208,STAFF RESTAURNT HOT SNACK ITEM,1,1,100.92,101.19,100.92,1.84,0.45,1.61
201609,220209,PRIMARY SCHOOL- FIXED CHARGE,1,1,101.206,101.295,101.206,0.24,0.57,0.21
201609,220210,SECONDARY SCHOOL- CAFETERIA,1,1,101.253,101.324,101.253,0.24,0.57,0.21
201609,220211,STAFF RESTAURANT FIZZY DRINK,1,1,101.045,100.614,101.045,1.84,0.45,1.61
201609,220212,STAFF RESTAURANT SANDWICH,1,1,101.999,101.524,101.999,1.92,0.48,1.68
201609,220214,STAFF RESTAURANT MAIN COURSE,1,1,101.396,101.522,101.396,1.92,0.48,1.68
201609,220301,FISH & CHIPS TAKEAWAY,1,1,102.13,102.042,102.13,1.86,1.28,1.54
201609,220303,SANDWICH-TAKE-AWAY (COLD),1,1,99.814,99.692,99.814,3.72,2.72,3.08
201609,220305,TEA -TAKE-AWAY,1,1,102.525,102.358,102.525,0.93,0.32,0.77
201609,220310,POTATO CRISPS-INDIVIDUAL PACK,1,1,100.99,101.063,100.99,0.93,0.96,0.77
201609,220316,PIZZA TAKEAWAY OR DELIVERED,1,1,104.098,103.854,104.098,1.86,1.28,1.54
201609,220317,PASTY/SAVOURY PIE - TAKEAWAY,1,1,101.947,102.006,101.947,1.86,1.28,1.54
201609,220318,INDIAN TAKEAWAY,1,1,101.113,101.125,101.113,1.86,1.28,1.54
201609,220319,CHINESE TAKEAWAY,1,1,101.267,101.219,101.267,1.86,1.28,1.54
201609,220320,TAKEAWAY SOFT DRINK,1,1,101.602,101.908,101.602,0.93,0.32,0.77
201609,220321,TAKEAWAY COFFEE LATTE,1,1,101.547,101.65,101.547,0.93,0.32,0.77
201609,220322,BURGER IN BUN- TAKEAWAY,1,1,101.407,101.413,101.407,1.86,1.28,1.54
201609,220323,KEBAB- TAKEAWAY,1,1,101.559,101.493,101.559,1.86,1.28,1.54
201609,220324,CINEMA POPCORN,1,1,100.815,100.845,100.815,0.93,0.8,0.77
201609,220325,VENDING MACHINE - SOFT DRINK,1,1,100.752,100.725,100.752,0.93,0.32,0.77
201609,220326,TAKEAWAY CHICKEN & CHIPS,1,1,102.02,102.072,102.02,1.86,1.28,1.54
201609,310102,DRAUGHT BITTER (PER PINT),1,1,101.81,101.749,101.81,4.65,4.18,3.85
201609,310104,DRAUGHT STOUT PER PINT,1,1,102.037,102.128,102.037,0.93,1.14,0.77
201609,310109,LAGER - PINT 3.4-4.2%,1,1,101.846,101.992,101.846,5.58,5.13,4.62
201609,310110,PREMIUM LAGER - PINT 4.3-7.5%,1,1,101.934,101.903,101.934,3.72,3.61,3.08
201609,310111,BOTTLED PREMIUM LAGER 4.3-7.5%,1,1,100.956,100.967,100.956,1.86,1.52,1.54
201609,310112,BOTTLE OF LAGER IN NIGHTCLUB,1,1,103.398,103.469,103.398,1.86,1.14,1.54
201609,310113,CIDER-PER PINT OR 500-568ML,1,1,101.872,102.049,101.872,2.79,2.28,2.31
201609,310207,BITTER-4CANS-440-500ML,1,1,97.031,97.375,97.031,0.5,0.4,0.4
201609,310215,LAGER 4 BOTTLES- PREMIUM,1,1,99.27,98.816,99.27,2,1.6,1.6
201609,310216,LAGER 12 - 24 CANS (440-500ML),1,1,99.178,99.491,99.178,1.15,0.9,0.92
201609,310217,LAGER 12-24 BOTTLE (250-300ML),1,1,97.734,97.877,97.734,1,0.8,0.8
201609,310218,APPLE CIDER 500-750ML 4.5-5.5%,1,1,96.844,96.521,96.844,0.99,1.05,0.77
201609,310219,STOUT - 4 CAN PACK,1,1,96.527,96.551,96.527,0.15,0.1,0.12
201609,310220,SPEC'Y BEER BOTT 500ML 4-5.5,1,1,99.422,99.62,99.422,0.2,0.15,0.16
201609,310301,WHISKY (PER NIP) SPECIFY ML,1,1,102.171,102.085,102.171,0.93,2.66,0.77
201609,310302,VODKA (PER NIP) SPECIFY ML,1,1,102.529,102.429,102.529,2.79,4.75,2.31
201609,310306,BOTTLE OF MIXER 125-200ML,1,1,99.881,99.366,99.881,0.93,0.57,0.77
201609,310307,LIQUEUR PER NIP   SPECIFY ML,1,1,102.481,102.671,102.481,0.93,2.85,0.77
201609,310309,SPIRIT BASED DRINK 275ML,1,1,101.105,101.101,101.105,0.93,0.57,0.77
201609,310310,"WINE, PER 175 - 250 ML SERVING",1,1,102.431,102.698,102.431,4.65,3.8,3.85
201609,310315,BOTTLE OF WINE 70-75CL,1,1,102.049,102.075,102.049,4.65,3.8,3.85
201609,310401,WHISKY-70 CL BOTTLE,1,1,98.528,98.624,98.528,1.9,1.96,1.52
201609,310403,VODKA-70 CL BOTTLE,1,1,97.261,97.363,97.261,1.75,1.82,1.4
201609,310405,BRANDY-68-70 CL BOTTLE,1,1,99.208,99.242,99.208,0.45,0.42,0.36
201609,310406,FORTIFIED WINE  (70-75CL),1,1,96.715,96.822,96.715,0.36,0.42,0.28
201609,310417,SPIRIT BASED DRINK 250-330MLS,1,1,95.967,94.812,95.967,0.25,0.28,0.2
201609,310419,WHITE WINE- EUROPEAN 75CL,1,1,96.715,96.414,96.715,1.26,1.4,0.98
201609,310420,WHITE WINE- NEW WORLD 75CL,1,1,97.953,97.614,97.953,2.07,2.24,1.61
201609,310421,RED WINE- EUROPEAN 75CL,1,1,98.07,97.346,98.07,0.99,1.12,0.77
201609,310422,RED WINE- NEW WORLD 75CL,1,1,99.465,99.856,99.465,1.53,1.68,1.19
201609,310423,BOTTLE OF CHAMPAGNE 75 CL,1,1,92.104,91.817,92.104,0.36,0.42,0.28
201609,310425,ROSE WINE-75CL BOTTLE,1,1,99.054,99.241,99.054,0.81,0.84,0.63
201609,310426,RED OR WHITE SPARKLING WINE,1,1,96.076,96.479,96.076,0.63,0.7,0.49
201609,310427,RUM WHITE EG BACARDI 70CL BOTT,1,1,94.498,94.873,94.498,0.55,0.56,0.44
201609,310428,CREAM LIQUER 70CL-1LT 15-20%,1,1,97.543,97.311,97.543,0.1,0.14,0.08
201609,320108,CIGARETTES 8,1,1,105.018,105.04,105.018,4.6,4.83,4
201609,320112,CIGARETTES 12,1,1,105.494,105.497,105.494,2.76,2.94,2.4
201609,320115,CIGARETTES 15,1,1,102.673,102.667,102.673,7.59,7.98,6.6
201609,320121,CIGARETTES 20,1,1,105.635,105.642,105.635,0.69,0.84,0.6
201609,320122,20 FILTER - OTHER BRAND,1,1,104.166,104.174,104.166,3.91,3.99,3.4
201609,320123,ELECTRONIC CIGARETTE REFILL/LI,1,0,112.973,109.266,109.266,0.23,0.21,0.2
201609,320124,E-CIG REFILL BOTTL/CART 2-10ML,1,1,107.873,104.606,107.873,0.23,0.21,0.2
201609,320205,5 CIGARS: SPECIFY BRAND,1,1,101.92,101.867,101.92,0.23,0.32,0.2
201609,320206,HAND ROLLING TOBACCO 20-30GM,1,1,104.246,104.223,104.246,2.76,3.68,2.4
201609,410105,LOCAL AUTH RENT - SCOTLAND,1,0,103.031,103.031,103.031,1.44,1.66,1.2
201609,410107,UNIVERSITY ACCOMODATION FEES,1,0,100,100,100,1.1,0,0.9
201609,410108,RSL RENTS,1,2,98.587,98.587,98.587,16.56,19.92,13.8
201609,410111,IMPUTED RENTS - ENGLAND,1,0,101.707,101.707,101.707,0,0,143.55
201609,410112,IMPUTED RENTS - WALES,1,0,100.036,100.036,100.036,0,0,6.6
201609,410113,IMPUTED RENTS - SCOTLAND,1,0,100.423,100.423,100.423,0,0,11.55
201609,410114,IMPUTED RENTS - N.IRELAND,1,0,103.155,103.155,103.155,0,0,3.3
201609,410115,PRIVATE RENTED PROPERTY,2,0,101.871,101.433,101.433,42.48,50.63,35.4
201609,410201,MORTGAGE INTEREST PAYMENTS,1,0,97.866,97.866,97.866,0,28,0
201609,410401,E & W SEWERAGE CHARGE,2,0,101.91,101.91,101.91,4.5,6.11,4.5
201609,410402,ENGLAND & WALES WATER CHARGES,2,0,100.861,100.858,100.858,5.52,5.72,4.6
201609,410403,SCOTLAND WATER CHARGES,1,0,101.584,101.584,101.584,0.48,0.52,0.4
201609,410405,SCOTTISH SEWERAGE CHARGE,1,0,101.566,101.566,101.566,0.5,0.65,0.5
201609,410508,PLUMBER-DAYTIME HOURLY RATE,2,1,100.412,100.356,100.356,0.35,3.15,0.35
201609,410509,ELECTRICIAN-DAYTIME RATE/HOUR,2,1,100.077,99.957,99.957,0.22,1.98,0.22
201609,410517,DECORATOR-DAILY RATE;SPEC HRS,2,1,100.715,100.646,100.646,0.22,1.98,0.22
201609,410518,CARPENTER HOURLY RATE,2,1,100.858,100.81,100.81,0.21,1.89,0.21
201609,410602,READY-MIXED FILLER-INT USE,1,1,100.6,100.91,100.6,0.05,0.21,0.05
201609,410607,PAINT BRUSH-2INCH/5CM WIDTH,1,1,96.208,96.75,96.208,0.06,0.28,0.06
201609,410611,DOOR HANDLE-PACK FOR ONE DOOR,2,1,98.111,97.483,97.483,1.75,1.19,1.75
201609,410614,POWER DRILL-HAMMER ACTION,2,1,99.567,99.073,99.073,0.1,0.28,0.1
201609,410619,SOFTWOOD-1.6M-2.4M LENGTH,1,1,105.609,105.188,105.609,0.12,0.56,0.12
201609,410621,VARNISH-CLEAR GLOSS-750ML-1LTR,1,1,99.207,99.22,99.207,0.06,0.28,0.06
201609,410625,SCREWDRIVER,2,1,94.859,93.66,93.66,0.5,0.28,0.5
201609,410629,WALLPAPER PER ROLL,1,1,100.977,100.706,100.977,0.12,0.56,0.12
201609,410631,SHOWER HEAD,2,1,102.498,101.841,101.841,0.21,1.19,0.21
201609,410632,HIRE OF DOMES CARPET CLEANER,1,1,101.087,100.758,101.087,0.1,0.21,0.1
201609,410633,MDF,1,1,95.309,96.461,95.309,0.11,0.49,0.11
201609,410637,CERAMI TILES 15X15-25X50CM BOX,2,1,98.917,98.122,98.122,0.06,0.28,0.06
201609,410638,WOODSCREWS STEEL/ZIN PLATED PK,1,1,100.014,100.762,100.014,0.2,0.49,0.16
201609,410639,PAINT GLOSS/EMUL 750ML-2.5LTR,2,1,98.193,97.463,97.463,0.21,0.7,0.21
201609,410701,DWELLING INSURANCE,2,0,102.659,100.797,100.797,0,4.02,0
201609,410703,GROUND RENT,1,0,105.684,105.684,105.684,0,1.98,0
201609,410801,HOUSE DEPRECIATION,1,0,105.684,105.684,105.684,0,80,0
201609,420101,COAL-HOUSEHOLD BEST QUAL 50KG,1,1,98.087,98.069,98.087,0.7,0.7,0.7
201609,420103,SMOKELESS FUEL 50KG,1,1,98.565,98.438,98.565,0.3,0.3,0.3
201609,420201,ELECTRICITY,1,0,99.789,99.789,99.789,17,20,14
201609,420301,GAS,1,0,95.273,95.273,95.273,15.68,18,12.74
201609,420404,BUTANE GAS,1,0,100,100,100,0.32,0.3,0.26
201609,420405,KEROSENE - 1000L DELIVERED,2,1,124.942,124.447,124.447,1,1.7,1
201609,430101,DOUBLE WARDROBE,2,1,105.814,104.158,104.158,0.8,1.25,0.65
201609,430104,ARMCHAIR -UPHOLSTERED,2,1,105.528,103.48,103.48,0.64,1,0.52
201609,430108,DOUBLE BED-WIDTH APPROX 135CM,2,1,104.977,103.166,103.166,1.12,1.75,0.91
201609,430118,SINK-SINGLE DRAINER 1-1.5 BOWL,2,1,101.543,100.6,100.6,1.12,1.75,0.91
201609,430119,KITCH BASE UNIT WIDTH 800-1000,2,1,98.751,95.061,95.061,1.12,1.75,0.91
201609,430120,COFFEE TABLE,2,1,111.014,108.399,108.399,0.48,0.75,0.39
201609,430122,SINGLE BED-WIDTH 90CM/3FT,2,1,104.887,103.214,103.214,0.96,1.75,0.78
201609,430127,CHEST OF DRAWERS,2,1,106.032,103.873,103.873,0.8,1.25,0.65
201609,430129,DINING ROOM TABLE & 4-6 CHAIRS,2,1,111.086,108.178,108.178,0.96,1.75,0.78
201609,430132,MATTRESS- 3FT/90CM,2,1,103.345,101.346,101.346,0.64,1,0.52
201609,430133,BOOKCASE/FREESTAND SHELV UNIT,2,1,105.769,104.07,104.07,0.8,1.25,0.65
201609,430134,TABLE LAMP,2,1,103.146,100.834,100.834,0.48,0.75,0.39
201609,430135,3 PIECE NON-LEATHER SUITE,2,1,107.143,104.569,104.569,0.8,1.25,0.65
201609,430136,PATIO TABLE & CHAIRS-SEASONAL,2,1,100.493,97.931,97.931,0.32,0.5,0.26
201609,430137,LEATHER SETTEE,2,1,111.482,107.008,107.008,2.4,4,1.95
201609,430138,HOME OFFICE DESK,2,1,102.735,101.621,101.621,0.32,0.5,0.26
201609,430139,KITCH WALL UNIT WIDTH 800-1000,2,1,99.169,94.839,94.839,1.12,1.75,0.91
201609,430140,SOFA BED,2,1,104.745,102.749,102.749,0.64,1,0.52
201609,430206,"CURTAINS READY MADE, SPEC SIZE",2,1,104.709,100.582,100.582,1.26,0.56,1.08
201609,430211,DUVET-DOUBLE TOG 10-13.5,2,1,102.212,101.132,101.132,1.12,0.48,0.96
201609,430216,DUVET COVER,2,1,110.959,106.221,106.221,1.12,0.48,0.96
201609,430224,FITTED BED SHEET,2,1,100.273,98.544,98.544,1.12,0.48,0.96
201609,430226,FLOOR RUG,2,2,99.402,96.378,96.378,0.92,1.12,0.69
201609,430227,LAMINATE FLOORING PER SQ M,2,2,105.211,103.588,103.588,0.4,0.48,0.3
201609,430228,BATH SHEET,2,1,102.247,100.325,100.325,1.26,0.56,1.08
201609,430229,FABRIC ROLLER BLIND 120-180CM,2,1,101.339,100.129,100.129,1.12,0.48,0.96
201609,430230,CARPET -AXMINSTER(MIN 80% WOOL,2,2,103.587,103.183,103.183,0.92,1.12,0.69
201609,430233,CARPET TUFTED 100% MANMADE FIB,2,2,107.025,105.28,105.28,0.88,1.12,0.66
201609,430234,CARPET TUFTED MIN 80% WOOL FIB,2,2,112.331,110.736,110.736,0.88,1.12,0.66
201609,430304,ELECTRIC COOKER,2,1,96.945,95.952,95.952,0.98,0.63,0.84
201609,430307,ELECTRIC KETTLE - 1.5-1.7L,2,1,107.636,103.742,103.742,0.35,0.7,0.3
201609,430317,ELECTRIC IRON,2,1,98.997,97.429,97.429,0.14,0.35,0.12
201609,430321,ELECTRIC RAZOR,2,1,102.033,97.709,97.709,0.69,0.21,0.6
201609,430323,PHONE NT MOBILE(SPEC DIG/ANAL),2,1,97.748,94.023,94.023,0.3,0.14,0.25
201609,430351,ELECTRIC HAIR STYLING APP,2,1,109.453,102.931,102.931,0.92,0.28,0.8
201609,430355,VACUUM CLEANER,2,1,102.411,98.16,98.16,0.42,0.84,0.36
201609,430356,DISH WASHER 12-15 PLACE SET,2,1,104.918,103.461,103.461,0.35,0.21,0.3
201609,430357,SMART PHONE HANDSETS,2,0,86.948,85.735,85.735,0.3,0.77,0.25
201609,430358,ELECTRIC HEATER -SEASONAL,2,1,92.507,91.357,91.357,0.56,0.35,0.48
201609,430359,ELECTRIC COOLING FAN -SEASONAL,2,1,88.204,79.186,79.186,0.21,0.35,0.18
201609,430360,MOBILE PHONE HANDSETS,2,0,106.205,103.171,103.171,0.3,0.21,0.25
201609,430361,WASHING MACH NO DRYER MAX 1800,2,1,102,101.298,101.298,1.82,1.12,1.56
201609,430362,FRIDGE/FREEZER SPEC CAPACITIES,2,1,107.883,106.669,106.669,1.4,0.84,1.2
201609,430407,"SMALL SAUCEPAN,MILK",2,1,101.032,99.667,99.667,0.84,0.6,0.7
201609,430409,SCISSORS - HOUSEHOLD,2,1,96.176,94.536,94.536,0.84,0.6,0.7
201609,430413,GAS FIRE,2,2,100.911,100.739,100.739,0.49,0.24,0.42
201609,430414,GAS COOKERS-SPECIFY MAKE & MOD,2,2,101.845,100.508,100.508,0.28,0.16,0.24
201609,430418,PLASTIC FOOD STORAGE CONTAINER,1,1,98.102,97.876,98.102,1.08,0.8,0.9
201609,430419,STAINLESS STEEL CUTLERY SET,2,1,104.707,102.826,102.826,0.3,0.2,0.25
201609,430420,CROCKERY SET;SPECIFY CONTENTS,2,1,101.595,99.074,99.074,0.54,0.4,0.45
201609,430422,PLAIN GLASS TUMBLER,1,1,103.148,103.31,103.148,0.54,0.4,0.45
201609,430423,FRYING PAN 24-30CM,2,1,103.218,101.595,101.595,0.84,0.6,0.7
201609,430503,BALL POINT,1,1,98.018,95.361,98.018,0.85,0.44,0.68
201609,430505,ALUMINIUM COOKING FOIL 300MM,1,1,99.629,100.114,99.629,0.15,0.44,0.12
201609,430507,WASHING UP LIQUID 380-900ML,1,1,98.382,97.514,98.382,0.4,0.44,0.32
201609,430509,HOUSEHOLD CLEANER CREAM/LIQUID,1,1,108.379,107.115,108.379,1,1.1,0.8
201609,430513,DRYCELL BATTERY-PACK OF 4,1,1,101.199,101.275,101.199,0.85,0.55,0.85
201609,430515,PACKET OF ENVELOPES,1,1,99.891,98.539,99.891,0.8,0.44,0.64
201609,430518,REFUSE SACK FROM PACK OF 10-20,1,1,95.726,96.155,95.726,0.4,0.44,0.32
201609,430519,WASHING POWDER - AUTOMATIC,1,1,97.878,97.126,97.878,0.45,0.55,0.36
201609,430524,LIGHT BULB,1,1,97.534,97.457,97.534,0.85,0.55,0.85
201609,430525,CLEAR STICKY TAPE,1,1,98.826,98.655,98.826,0.2,0.44,0.16
201609,430526,GREETINGS CARD; STATE CODE,1,1,99.594,99.531,99.594,0.85,0.44,0.68
201609,430527,A4 PRINTER PAPER (500 REAM),1,1,98.993,98.757,98.993,0.85,0.44,0.68
201609,430529,BLEACH 750ML,1,1,96.993,95.762,96.993,1,1.1,0.8
201609,430530,BLACK INKJET CARTRIDGE,2,1,109.942,109.216,109.216,0.85,0.44,0.68
201609,430531,FABRIC CONDITIONER (500ML-1LT),1,1,95.194,94.786,95.194,0.4,0.44,0.32
201609,430533,KITCHEN ROLL PK OF 2-4 SPECIFY,1,1,97.409,97.548,97.409,0.4,0.44,0.32
201609,430535,SHEET OF WRAPPING PAPER,1,1,98.325,98.288,98.325,0.8,0.44,0.64
201609,430536,TOILET ROLLS,1,1,101.03,100.973,101.03,2.3,1.43,2
201609,430538,DISHWASHER TABLETS PACK 16-45,1,1,87.788,91.414,87.788,0.4,0.44,0.32
201609,430613,DOG FOOD-CAN-385-400GM,1,1,98.064,97.539,98.064,1.04,0.98,0.78
201609,430617,ANIMAL CAGE (E.G FOR GERBIL),2,1,104.081,103.559,103.559,0.24,0.49,0.18
201609,430619,COMPLETE DRY DOG FOOD 1-3KG,1,1,99.721,100.341,99.721,1.04,1.05,0.78
201609,430621,ANNUAL BOOSTER INJECTION,1,2,101.017,101.091,101.017,1.76,0.98,1.32
201609,430622,DOG KENNEL FEES DAILY CHARGE,2,1,102.641,102.507,102.507,1.68,0.98,1.26
201609,430623,SMALL CAGED MAMMAL,2,1,101.88,101.779,101.779,0.48,0.84,0.36
201609,430624,CAT FOOD POUCH-IND-85G-100G,1,1,98.692,99.156,98.692,1.52,1.47,1.14
201609,430625,WILD BIRD SEED PACK 500G-2KG,1,1,100.579,100.182,100.579,0.24,0.21,0.18
201609,440101,DOMESTIC CLEANER HOURLY RATE,2,1,102.897,102.785,102.785,3.04,1.82,2.66
201609,440104,DRY CLEANING-MAN'S SUIT,1,1,101.952,101.81,101.952,0.8,0.56,0.8
201609,440105,DRIVING LESSON 1 HOUR,1,1,102.045,102.016,102.045,0.14,0.98,0.12
201609,440112,ELECTRICAL SERVICE CHARGE,2,0,100,100,100,0.6,0.28,0.6
201609,440113,WINDOW-CLEAN 3-BED SEMI,2,1,102,101.845,101.845,1.6,0.98,1.4
201609,440116,WASHING MACHINE REPAIR,2,1,101.564,101.376,101.376,0.4,0.14,0.4
201609,440118,PC REPAIR,2,1,100.986,100.903,100.903,1,0.28,1
201609,440120,CHILD MINDER - HOURLY RATE,1,1,100.661,100.687,100.661,4.48,2.24,3.64
201609,440121,CATERING-50 SET MENU PER HEAD,2,1,100.482,100.168,100.168,0.93,0.7,0.77
201609,440122,HOME DELIVERY CHARGES,2,0,101.307,101.065,101.065,0.6,0.14,0.5
201609,440123,HOME REMOVAL- 1 VAN,2,1,101.251,101.117,101.117,2.16,0.28,1.8
201609,440126,WEEKLY NANNY FEES,2,1,102.452,102.388,102.388,3.36,2.24,2.94
201609,440127,MONTHLY SELF STORAGE FEE,2,1,102.976,101.185,101.185,1.32,0.28,1.1
201609,440128,HOME CARE ASSISTANT HRLY RATE,2,1,103.967,103.723,103.723,2.08,1.82,1.69
201609,440129,PLAYGROUP FEES - PER SESSION,2,1,101.823,101.368,101.368,2.24,0.98,1.82
201609,440131,WATCH BATTERY REPLACEMENT,2,1,101.038,100.843,100.843,0.72,0.14,0.64
201609,440132,MEN'S CLOTHING HIRE- SEE HELP,2,1,101.466,101.34,101.34,0.2,0.14,0.2
201609,440202,ESTATE AGENT FEES (PERCENTAGE),1,0,101.539,101.539,101.539,0,2.43,0
201609,440204,TRADE UNION & PROF ORGS SUBS,1,0,100.261,100.261,100.261,0.84,0.81,0.7
201609,440208,HOUSE CONTENTS INSURANCE,2,0,101.009,98.685,98.685,1.52,3.51,1.52
201609,440218,SRVYRS FEES MORTGAGE VALUATION,1,0,92.808,92.808,92.808,1.32,0.27,1.1
201609,440220,FEE FOR STOPPING A CHEQUE,1,0,95.744,95.744,95.744,0.48,0.27,0.4
201609,440224,DRIVING TEST FEES,1,0,100,100,100,0.14,0.27,0.12
201609,440226,HOME-BUYERS SURVEY-RSDNTL PPTY,2,2,101.288,101.076,101.076,0,0.27,0
201609,440227,FUNERAL-CREMATION,2,2,100.374,100.087,100.087,2.4,0.54,2
201609,440229,BIRTHS DEATHS AND MARRIAGES,1,0,100,100,100,0.12,0.27,0.1
201609,440230,UNI (INTL STUDENT) TUITION,1,0,100,100,100,4.5,0,3.78
201609,440231,PASSPORT FEES,1,0,100,100,100,0.24,0.27,0.2
201609,440232,NURSERY FEES: CHILD 0-4,2,2,102.708,102.583,102.583,1.6,0.81,1.3
201609,440233,NEWSPAPER AD NON TRADE 20 WORD,2,2,103.437,101.46,101.46,1.32,0.27,1.1
201609,440234,BANK OVERDRAFT CHARGES,1,0,100,100,100,1.92,0.27,1.6
201609,440236,UNIT TRUSTS COMM-INITIAL CHG,1,0,100.598,100.598,100.598,1.08,0,0.9
201609,440237,UNIT TRUSTS COMM-ONGOING CHG,1,0,100.098,100.098,100.098,1.08,0,0.9
201609,440239,UK UNIVERSITY TUITION FEES,2,0,100,100,100,11.75,6.21,9.87
201609,440240,BASIC WILL FOR A SINGLE PERSON,2,2,106.205,105.309,105.309,1.32,0.27,1.1
201609,440241,STOCKBROKER COMMISSION FEE,1,0,100.014,100.014,100.014,2.16,0,1.8
201609,440246,PET INSURANCE,2,0,103.034,102.648,102.648,0.63,0.81,0.42
201609,440247,BANKER'S DRAFT,1,0,100,100,100,0.48,0.27,0.4
201609,440248,DIFFERENT ATM CHARGES,1,2,100,100,100,0.48,0.27,0.4
201609,440249,HOUSE CONVEYANCING,2,1,103.213,102.999,102.999,0,0.81,0
201609,440250,PACKAGED CURRENT ACCOUNTS,1,2,100.62,100.62,100.62,0.84,0.27,0.7
201609,440251,OPEN UNIVERSITY FEES,1,0,100,100,100,0,0,0
201609,440252,MONEY TRANSFERS,1,0,100,100,100,0.48,0.27,0.4
201609,440254,HOURLY RATE FOR SOLICITOR,2,1,101.719,101.529,101.529,1.32,0.27,1.1
201609,440255,CREDIT CARD FEES,1,0,99.047,99.047,99.047,1.92,0.27,1.6
201609,440256,MORTGAGE ARRANGEMENT FEES,1,0,95.385,95.385,95.385,1.08,0.27,0.9
201609,440257,HOUSEHLD SERVICES MAINT POLICY,2,0,104.331,102.943,102.943,0.48,1.08,0.48
201609,440258,DATING AGENCY FEES,2,0,100,100,100,1.2,0.27,1
201609,440301,POSTAGE CHARGES,1,0,101.514,101.514,101.514,2,1,1
201609,440401,TELEPHONE CHARGES,1,0,106.71,106.71,106.71,1.5,1.5,1.25
201609,440402,MOBILE PHONE CHARGES,1,0,98.971,98.971,98.971,10.5,9.75,8.75
201609,440403,CABLE TELEPHONES,1,0,105.66,105.66,105.66,0.6,0.5,0.5
201609,440405,DIRECTORY ENQUIRIES,1,0,102.82,102.82,102.82,0.3,0.25,0.25
201609,440406,SUBSCRIPTION TO INTERNET,1,0,102.564,101.865,101.865,0.6,0.75,0.5
201609,440408,MOBILE PHONE APPLICATIONS,1,0,105.617,107.853,107.853,0.9,0.75,0.75
201609,440409,BUNDLED TELECOMS SERVICES,1,0,104.766,104.766,104.766,14.4,11.5,12
201609,510101,MENS SUIT-READY MADE,2,1,107.683,105.347,105.347,1.62,0.9,1.35
201609,510104,MENS JACKET/COAT,2,1,111.402,103.688,103.688,1.08,0.72,0.9
201609,510106,MENS JEANS,2,1,102.886,101.036,101.036,1.08,0.72,0.9
201609,510108,MEN'S JUMPER-KNITTED,2,1,115.327,109.13,109.13,0.54,0.45,0.45
201609,510109,MEN'S FORMAL SHIRT-LONG SLEEVE,2,1,104.769,102.699,102.699,1.08,0.63,0.9
201609,510113,MENS CASUAL S/SLEEVE TOP,2,1,113.627,108.041,108.041,1.08,0.45,0.9
201609,510117,MEN'S FORMAL RDY-MADE TROUSERS,2,1,109.017,105.566,105.566,0.54,0.27,0.45
201609,510118,MEN'S CASUAL TROUSERS,2,1,107.201,103.899,103.899,1.08,0.63,0.9
201609,510120,MEN'S JUMPER OR SWEATSHIRT,2,1,111.562,105.098,105.098,1.08,0.54,0.9
201609,510122,MEN'S TRACKSUIT/JOGGIN BOTTOMS,2,1,95.523,93.935,93.935,0.54,0.45,0.45
201609,510124,MENS SHORTS NOT SWIMWEAR,2,1,103.369,96.88,96.88,0.54,0.36,0.45
201609,510126,MENS BRANDED T-SHIRT,2,1,102.5,99.925,99.925,1.08,0.54,0.9
201609,510127,MENS OFFICIAL FOOTBALL SHIRT,2,1,118.956,112.629,112.629,0.54,0.36,0.45
201609,510128,MEN'S BRANDED SPORT SWEATSHIRT,2,1,102.477,98.135,98.135,0.54,0.45,0.45
201609,510130,MENS 3/4 TO FULL LENGTH COAT,2,1,120.597,107.72,107.72,1.08,0.54,0.9
201609,510131,MENS CASUAL SHIRT,2,1,105.05,98.99,98.99,0.54,0.45,0.45
201609,510132,MEN'S T-SHIRT SHORT SLEEVED,2,1,99.172,92.153,92.153,1.08,0.54,0.9
201609,510206,WOMENS BLOUSE/SHIRT 1,2,1,124.777,114.508,114.508,1.08,0.45,0.9
201609,510208,WOMEN'S FORMAL JACKET,2,1,111.094,104.006,104.006,1.08,0.75,0.9
201609,510212,WOMEN'S JUMPER,2,1,115.956,107.496,107.496,1.08,0.75,0.9
201609,510215,WOMENS BASIC PLAIN T-SHIRT,2,1,110.024,103.63,103.63,1.08,0.75,0.9
201609,510219,WOMEN'S CASUAL OUTER JACKET,2,1,120.959,109.818,109.818,1.62,1.05,1.35
201609,510223,WOMEN'S LONG SLV TOP-NT BLOUSE,2,1,124.706,111.785,111.785,1.08,0.6,0.9
201609,510233,WOMEN'S CARDIGAN,2,1,113.709,105.154,105.154,1.62,1.05,1.35
201609,510235,WOMEN'S TROUSERS-CASUAL,2,1,122.576,111.195,111.195,1.08,0.6,0.9
201609,510236,WOMEN'S TROUSERS-FORMAL,2,1,113.523,107.596,107.596,2.16,1.2,1.8
201609,510237,WOMEN'S SKIRT: CASUAL,2,1,124.605,114.776,114.776,0.54,0.3,0.45
201609,510238,WOMEN'S SKIRT: WORK/FORMAL,2,1,106.434,97.304,97.304,1.62,0.9,1.35
201609,510244,WOMEN'S VEST/STRAPPY TOP,2,1,138.646,122.042,122.042,0.54,0.3,0.45
201609,510245,WOMENS DRESS -CASUAL/FORMAL,2,1,123.979,113.196,113.196,1.62,0.9,1.35
201609,510246,WOMENS SHORT SLEEVE SPORTS TOP,2,1,117.911,105.019,105.019,0.54,0.45,0.45
201609,510248,WOMEN'S JEANS- OWN BRAND,2,1,111.351,107.419,107.419,0.54,0.45,0.45
201609,510249,WOMEN'S JEANS- BRANDED,2,1,111.82,108.075,108.075,0.54,0.45,0.45
201609,510250,WOMEN'S COAT - SEE HELP SCREEN,2,1,119.903,111.124,111.124,1.08,0.75,0.9
201609,510252,WOMEN'S CASUAL TROUSERS 2,2,1,120.903,111,111,1.08,0.6,0.9
201609,510254,WOMENS SPORTSWEAR SHORTS,2,1,115.538,107.861,107.861,0.54,0.3,0.45
201609,510255,WOMEN'S SWIMWEAR,2,1,108.355,103.541,103.541,0.54,0.15,0.45
201609,510256,WOMEN'S SHOWERPROOF JACKET,2,1,104.28,98.671,98.671,1.08,0.75,0.9
201609,510257,WOMENS BLOUSE / SHIRT 2,2,1,110.762,103.395,103.395,0.54,0.45,0.45
201609,510258,WOMENS LEGGINGS FULL LENGTH,2,1,102.355,92.476,92.476,0.54,0.45,0.45
201609,510259,WOMENS SHORT SLEEVE FORMAL TOP,2,1,119.655,108.336,108.336,1.08,0.6,0.9
201609,510324,TROUSERS  FOR SCHOOL 5-13 YRS,2,1,104.465,101.3,101.3,0.54,0.4,0.45
201609,510328,BOYS JEANS (5-13 YEARS),2,1,104.796,102.555,102.555,1.08,0.4,0.9
201609,510330,BABYGRO OR SLEEPSUIT,2,1,102.836,99.839,99.839,0.54,0.4,0.45
201609,510336,GIRLS SKIRT FOR SCHOOL 5-13YRS,2,1,108.945,105,105,0.54,0.4,0.45
201609,510340,GIRLS FASHION TOP 12-13 YEARS,2,1,99.398,92.676,92.676,1.08,0.4,0.9
201609,510341,CHILDS TROUSERS (18MTHS-4YR),2,1,104.633,97.116,97.116,1.08,0.4,0.9
201609,510344,GIRLS TROUSERS NOT DENIM 5-13,2,1,114.039,109.546,109.546,0.54,0.4,0.45
201609,510346,CHILDS JUMPER,2,1,103.917,97.245,97.245,1.08,0.4,0.9
201609,510347,GIRLS JACKET (5-13 YEARS),2,1,108.707,99.532,99.532,0.54,0.4,0.45
201609,510348,BOYS T-SHIRT 3-13 YEARS,2,1,105.33,98.135,98.135,0.54,0.4,0.45
201609,510402,MEN'S PANTS/BOXER SHORTS,2,1,102.409,101.293,101.293,0.54,0.4,0.45
201609,510405,WOMEN'S NIGHTDRESS/PYJAMAS,2,1,105.053,101.869,101.869,1.08,0.5,0.9
201609,510406,WOMEN'S PANTS,2,1,106.337,104.705,104.705,1.08,0.5,0.9
201609,510407,"BRA, CUP SIZE A-D RANGE",2,1,102.207,100.461,100.461,1.08,0.5,0.9
201609,510410,CHILDS PYJAMAS 18MTHS-13YEARS,2,1,110.845,107.806,107.806,0.54,0.25,0.45
201609,510411,CHILDS PANTS 1PR 18MTHS-13YRS,1,1,107.603,105.687,107.603,0.54,0.25,0.45
201609,510413,MEN'S SOCKS,2,1,99.163,98.556,98.556,0.54,0.4,0.45
201609,510415,WOMEN'S TIGHTS,2,1,100.961,99.719,99.719,1.08,0.5,0.9
201609,510416,CHILDS SOCKS 1 PR UK 3-6.5,1,1,103.364,102.229,103.364,0.54,0.25,0.45
201609,510419,MEN'S TIE,2,1,106.802,103.988,103.988,1.98,0.5,1.65
201609,510429,KNITTING WOOL-DOUBLE KNIT-100G,1,1,97.103,95.566,97.103,1.68,0.4,1.4
201609,510432,LADY'S SCARF,2,1,109.76,100.3,100.3,2.34,0.55,1.95
201609,510501,MENS SHOE FORMAL STYLE,2,1,102.031,100.237,100.237,0.5,0.4,0.45
201609,510506,WOMEN'S SANDALS,2,1,108.141,99.741,99.741,0.6,0.48,0.54
201609,510507,BOY'S SHOES,2,1,104.797,103.366,103.366,0.4,0.32,0.36
201609,510508,GIRL'S SHOES SCHOOL,2,1,102.678,101.079,101.079,0.4,0.32,0.36
201609,510515,MEN'S SHOE CASUAL STYLE,2,1,104.389,102.528,102.528,0.6,0.48,0.54
201609,510516,MEN'S TRAINING SHOE-SPORTSWEAR,2,1,107.089,104.906,104.906,1.3,1.04,1.17
201609,510517,WOMEN'S TRAINING SHOES,2,1,104.684,100.792,100.792,0.7,0.56,0.63
201609,510528,CHILD'S TRAINERS-SPORTS,2,1,109.559,104.925,104.925,0.9,0.72,0.81
201609,510529,WOMANS BOOTS,2,1,105.111,102.115,102.115,0.6,0.48,0.54
201609,510530,"WOMEN'S SHOES-FLAT MAX 1"" HEEL",2,1,105.553,101.382,101.382,1,0.8,0.9
201609,510533,WOMENS SHOE,2,1,105.792,101.065,101.065,1.1,0.88,0.99
201609,510534,WALKING/HIKING BOOT,2,1,106.078,104.21,104.21,1.1,0.88,0.99
201609,510535,CANVAS FASHION ADULT SHOE/TRAI,2,1,108.005,103.047,103.047,0.8,0.64,0.72
201609,520103,LADY'S UMBRELLA -FOLDING,2,1,101.403,100.311,100.311,0.56,0.24,0.48
201609,520106,"9CT GOLD CHAIN 18-20""/46-51CM",2,1,99.996,98.503,98.503,1.44,0.72,1.28
201609,520109,LADIES HAND/SHLDER BAG,2,1,101.564,99.041,99.041,2.03,0.84,1.74
201609,520118,FLOWER VASE,2,2,100.051,98.592,98.592,1.02,0.84,0.85
201609,520123,EARRINGS- FASHION,2,1,108.23,102.143,102.143,0.45,0.24,0.4
201609,520130,SOLID GOLD RING 9CT,2,1,105.749,105,105,0.99,0.48,0.88
201609,520131,GENT'S WATCH- ANALOGUE FACE,2,1,101.331,99.936,99.936,1.62,0.84,1.44
201609,520132,WALL HANGING MIRROR UPTO 1.5M,2,2,108.204,105.219,105.219,0.48,0.84,0.39
201609,520134,LUGGAGE TROLLEY CASE - 60-70CM,2,1,111.18,107.12,107.12,1.96,0.84,1.68
201609,520135,DIAMOND SOLITAIRE RING,2,1,101.352,99.76,99.76,2.34,1.2,2.08
201609,520136,PHOTO FRAME,2,1,100.127,98.486,98.486,1.75,0.84,1.5
201609,520137,STERLING SILVER EARRINGS,2,1,101.785,99.664,99.664,0.72,0.36,0.64
201609,520138,SPECTACLE FRAMES WITH LENSE,2,1,100.569,100.332,100.332,2.35,1.56,1.88
201609,520139,DAILY DISPOSABLE SOFT LENSES,2,1,100.406,100.263,100.263,1.95,1.32,1.56
201609,520140,NECKLACE FASHION APX 16/20 INS,2,1,111.43,104.804,104.804,0.72,0.36,0.64
201609,520141,MOBILE PHONE ACCESSORY,2,1,102.601,100.095,100.095,0.3,0.48,0.25
201609,520202,INDIGESTION TABLETS 16-24 PACK,1,1,100.96,101.025,100.96,1.36,0.45,1.19
201609,520206,TAMPONS-PACK OF 10-20,1,1,98.799,98.427,98.799,1.61,0.9,1.4
201609,520207,NHS PRESCRIPTION CHARGES,1,0,102.439,102.439,102.439,1.36,0.45,1.19
201609,520209,TOOTHPASTE (SPECIFY SIZE),1,1,98.629,99.575,98.629,1.61,0.9,1.4
201609,520213,TISSUES-LARGE SIZE BOX,1,1,99.019,99.649,99.019,1.61,0.9,1.4
201609,520215,MOISTURISER FACIAL 50-150ML,2,1,97.977,96.362,96.362,0.92,0.6,0.8
201609,520216,DEODORANT/ANTI PERSPI 50-250ML,1,1,96.289,97.055,96.289,0.92,0.6,0.8
201609,520219,"DISP NAPPIES, SPEC TYPE, 20-60",1,1,92.483,92.084,92.483,1.15,0.6,1
201609,520222,MULTI-VITAMINS CAPSULES/TABLET,1,1,104.299,104.407,104.299,1.28,0.45,1.12
201609,520223,MASCARA,2,1,100.872,100.387,100.387,0.92,0.6,0.8
201609,520226,SHAMPOO-250-400ML,1,1,95.937,96.681,95.937,0.46,0.3,0.4
201609,520227,PAIN KILLER TABLETS-16-24 PACK,1,1,100.504,100.606,100.504,1.36,0.45,1.19
201609,520228,PLASTERS-20-40 PACK,1,1,99.619,100.055,99.619,0.35,0.45,0.28
201609,520230,CONDOMS PACK OF 3-14,2,1,100.449,99.97,99.97,0.35,0.45,0.28
201609,520234,PERFUME/EUD DE TOILETTE,2,1,101.422,100.056,100.056,0.92,0.6,0.8
201609,520235,SUNSCREEN - SPEC SIZE/SPF,2,1,88.002,86.566,86.566,0.92,0.6,0.8
201609,520236,WOMENS HAIR COLOURANT 60-140ML,1,1,99.74,99.614,99.74,0.46,0.3,0.4
201609,520237,HAIR GEL 150-200ML,1,1,93.37,93.201,93.37,0.46,0.3,0.4
201609,520238,SHOWER GEL 150-250ML,1,1,102.841,102.175,102.841,0.69,0.3,0.6
201609,520241,RAZOR CARTRIDGE BLADES,1,1,102.095,101.741,102.095,0.69,0.45,0.6
201609,520242,COLD/FLU DRINK POWDER,1,1,101.224,101.503,101.224,1.36,0.45,1.19
201609,520243,LIQUID FOUNDATION SPECIFY SIZE,2,1,105.417,103.861,103.861,0.92,0.6,0.8
201609,520244,TOOTHBRUSH,1,1,94.494,94.037,94.494,0.69,0.45,0.6
201609,520245,ANTIHISTAMINE ALLERGY TABLETS,1,1,101.375,101.682,101.375,1.28,0.45,1.12
201609,520246,LIP GLOSS,2,1,101.395,100.059,100.059,0.92,0.6,0.8
201609,520247,LIQUID SOAP 200-300ML,1,1,101.328,102.429,101.328,0.69,0.3,0.6
201609,520248,CONDITIONER FOR HAIR,1,1,95.737,95.271,95.737,0.69,0.3,0.6
201609,520249,BABY WIPES 50-85,1,1,95.627,95.527,95.627,0.92,0.6,0.8
201609,520250,NAIL VARNISH BOTTLE 6-12mls,2,1,104.544,103.952,103.952,0.92,0.6,0.8
201609,520301,MAN'S HAIRCUT,2,1,101.713,101.577,101.577,1.68,1.5,1.26
201609,520303,WOMEN'S HRDRESSING-CUT/BLOWDRY,2,1,101.419,101.314,101.314,2.24,1.95,1.68
201609,520305,PRIVATE HEALTH CARE 1,1,0,107.017,107.017,107.017,0.93,1.05,0.62
201609,520306,PRIVATE HEALTH CARE 2,1,0,102.858,102.858,102.858,0.66,0.75,0.44
201609,520311,WOMENS HIGHLIGHTING,2,1,101.306,101.197,101.197,1.36,1.2,1.02
201609,520313,NON-NHS MEDICINE-PHYSIOTHERAPY,2,1,100.558,100.467,100.467,2.16,0.6,1.62
201609,520318,SLIMMING CLUBS,1,0,102.769,102.769,102.769,1.12,1.05,0.84
201609,520319,LA SUPPORTED RES IN RET HOMES,1,0,102.266,102.266,102.266,1.28,0,1.04
201609,520321,PRIVATE HEALTH CARE 3,1,0,107.017,107.017,107.017,1.84,0,1.61
201609,520322,PRIVATE HEALTH CARE 4,1,0,102.858,102.858,102.858,1.36,0,1.19
201609,520323,FULL LEG WAX (BOTH LEGS),2,1,101.727,101.664,101.664,0.72,0.6,0.54
201609,520324,RESIDENTIAL HOME,2,1,104.701,104.523,104.523,4.32,0.3,3.51
201609,520325,NURSING HOME,2,1,103.514,103.357,103.357,3.12,0.3,2.73
201609,520326,PRIVATE DENTAL EXAMINATION,2,1,103.31,102.807,102.807,1.53,1.5,1.02
201609,520327,NHS DENTAL CHARGES,1,0,104.966,104.966,104.966,1.47,1.35,0.98
201609,520328,DENTAL INSURANCE,1,0,99.452,99.452,99.452,0.78,0.9,0.52
201609,520330,SELF PAY OPERATIONS,1,0,96.812,96.812,96.812,1.68,0.6,1.47
201609,520331,BASIC MANICURE,2,1,101.112,101.038,101.038,0.88,0.75,0.66
201609,520332,NON NHS CHIROPRACTOR,2,1,100.561,100.381,100.381,1.84,0.45,1.38
201609,520333,NEXT DAY BOUQUET DELIVERY - UK,1,0,100,100,100,0.16,0.15,0.16
201609,610101,3-YEAR-OLD SECOND-HAND CAR,1,0,93.286,93.286,93.286,8,12.6,6.5
201609,610102,2-YEAR-OLD SECOND-HAND CAR,1,0,94.514,94.514,94.514,8,12.6,6.5
201609,610110,CARAVANS,1,0,100.078,100.097,100.097,6.48,1.35,5.4
201609,610112,MOTORCYCLES,1,0,100.092,100.284,100.284,0.56,0.9,0.56
201609,610113,NEW CARS,1,0,100.732,100.732,100.732,25,17.55,21
201609,610204,"CAR TYRE, STATE SIZE",2,1,98.651,98.291,98.291,0.85,0.64,0.68
201609,610207,MOTOR-CAR SPARE PARTS,2,0,100.185,100.161,100.161,0.85,0.64,0.68
201609,610212,CAR BATTERY,2,1,102.715,102.173,102.173,0.8,0.64,0.64
201609,610221,WINDSCREEN WIPER BLADES,2,1,100.982,100.541,100.541,0.8,0.64,0.64
201609,610226,"BRAKE PADS, 2 FRONT PAIRS",2,1,102.869,102.338,102.338,0.85,0.64,0.68
201609,610227,"CAR MOT TEST FEE, VAT EXEMPT",2,1,99.907,99.634,99.634,0.84,0.8,0.72
201609,610228,ROADSIDE RECOVERY SERVICE,1,0,105.589,105.589,105.589,1.32,0.64,1.14
201609,610231,CAR SERVICE- LOCAL GARAGE,2,1,101.166,100.834,100.834,1.76,0.96,1.52
201609,610232,CAR SERVICE- MAIN DEALER,2,1,102.138,101.626,101.626,1.98,0.96,1.71
201609,610235,CAR REPAIRS MAIN DEALER,2,1,100.827,100.714,100.714,5.94,3.04,5.13
201609,610236,CAR REPAIRS LOCAL GARAGE,2,1,100.535,100.409,100.409,5.94,3.04,5.13
201609,610237,CAR BULB 12 VOLT SPECIFY WATTS,2,1,101.256,100.68,100.68,0.85,0.64,0.68
201609,610238,CAR WASH HAND OR AUTOMATIC,2,1,100.594,100.243,100.243,1.54,0.8,1.33
201609,610239,EXHAUST FITTING FAST FIT CENT,2,1,101.254,100.975,100.975,1.76,0.96,1.52
201609,610240,BRAKE FITTING FAST FIT CENTRE,2,1,101.179,100.856,100.856,1.76,0.96,1.52
201609,610303,OIL PER LITRE-MULTIGRADE,1,1,102.061,102.264,102.061,0.32,0.33,0.26
201609,610307,ULTRA LOW SULPHUR DIESEL RPI,1,0,109.677,109.677,109.677,0,11.22,0
201609,610308,ULTRA LOW SULPHUR PETROL RPI,1,0,109.248,109.248,109.248,0,21.45,0
201609,610309,ULTRA LOW SULPHUR DIESEL CPI,1,0,109.429,109.429,109.429,10.88,0,8.84
201609,610310,ULTRA LOW SULPHUR PETROL CPI,1,0,109.289,109.289,109.289,20.8,0,16.9
201609,610409,VEHICLE EXCISE DUTY,1,0,101.55,101.55,101.55,5.88,5.75,5.04
201609,610417,CAR INSURANCE,2,0,115.052,108.413,108.413,3.8,17.25,2.85
201609,620101,LONDON TRANSPORT RAIL FARES,1,0,100,100,100,2.99,1.4,2.53
201609,620105,OTHER UNDERGROUND/METRO FARES,1,0,100,100,100,0.39,0.21,0.33
201609,620106,EURO TUNNEL FARES,1,0,107.162,107.162,107.162,0.65,0.28,0.55
201609,620107,RAIL FARES,1,0,100,100,100,8.97,5.11,7.59
201609,620203,COACH FARES,1,0,105.228,105.228,105.228,2.04,0.9,1.7
201609,620205,BUS FARES,1,0,101.066,101.066,101.066,4.92,2.1,4.1
201609,620302,TAXI FARES,2,0,101.917,101.915,101.915,1.44,1.28,1.2
201609,620303,SELF-DRIVE VAN HIRE,2,1,102.425,101.06,101.06,2.38,0.32,2.04
201609,620304,PUSHCHAIR/STROLLER,2,1,105.957,104.66,104.66,0.7,0.32,0.6
201609,620307,SELF-DRIVE CAR HIRE BASIC 24HR,2,1,107.914,105.196,105.196,2.52,0.32,2.16
201609,620308,MINICAB FARE FOR 2 MILES,1,2,100.925,101.391,100.925,1.44,1.28,1.2
201609,620310,AIR FARES,1,0,128.88,128.88,128.88,8,8.96,7
201609,620311,SEA FARES,1,0,113.015,113.015,113.015,4,0.32,3
201609,620313,ROAD TOLLS,1,0,100.337,100.337,100.337,0.98,0.96,0.84
201609,620314,BOATS,2,0,100.408,102.074,102.074,1.8,0.32,1.5
201609,620315,CAR PARK CHARGES,2,1,102.838,102.218,102.218,1.12,0.96,0.96
201609,620317,CHILDS BICYCLE,2,1,99.434,98.299,98.299,0.72,0.48,0.72
201609,620318,ADULT BIKE,2,1,92.347,90.118,90.118,0.72,0.48,0.72
201609,630122,PC PERIPHERALS,1,0,102.368,99.797,99.797,2.31,1.47,1.98
201609,630127,PERSONAL COMPUTERS (CPI),2,0,92.105,91.379,91.379,0.49,0.28,0.42
201609,630129,LAPTOP COMPUTERS,2,0,93.393,92.255,92.255,2.03,1.26,1.74
201609,630138,DIGITAL RADIO (DAB),2,1,110.827,109.104,109.104,0.2,0.07,0.16
201609,630146,BLU-RAY PLAYER,2,1,105.343,104.245,104.245,0.15,0.14,0.12
201609,630150,"FLAT PANEL TV 23""-32""",2,1,101.28,99.546,99.546,1.2,0.7,0.96
201609,630151,"FLAT PANEL TV 33"" +",2,1,100.939,99.51,99.51,1.45,0.84,1.16
201609,630152,MP4 PLAYER,2,2,102.369,101.892,101.892,0.35,0.21,0.28
201609,630153,TABLET COMPUTERS,2,0,98.927,94.503,94.503,1.82,1.05,1.56
201609,630154,DIGITAL TV RECORDER/RECEIVER,2,1,108.361,105.986,105.986,0.1,0.07,0.08
201609,630155,DVD PLAYER,2,1,109.137,108.34,108.34,0.1,0.07,0.08
201609,630156,HEADPHONES SPECIFY TYPE,2,1,100.507,99.086,99.086,0.3,0.21,0.24
201609,630157,"FLAT PANEL TV 14-22""/35-55CM",2,1,88.992,87.859,87.859,0.25,0.14,0.2
201609,630158,HI-FI,2,1,103.166,101.62,101.62,0.9,0.49,0.72
201609,630223,CDS- PURCH OVER INTERNET,1,0,141.294,145.618,145.618,0.21,0.14,0.21
201609,630224,INTERNET DVDS,1,0,109.863,113.955,113.955,0.45,0.28,0.45
201609,630225,MUSIC DOWNLOADS,1,0,103.69,105.289,105.289,0.45,0.3,0.45
201609,630226,RECORDABLE CD PRICE PER CD,2,1,102.464,101.645,101.645,0.09,0.06,0.09
201609,630228,PRE-RECORDED DVD (FILM),2,2,95.396,91.105,91.105,0.66,0.44,0.66
201609,630229,PRE-RECORDED DVD (NON-FILM),2,2,91.046,87.006,87.006,0.27,0.18,0.27
201609,630230,CD ALBUM (TOP 40),1,2,115.99,119.058,115.99,0.18,0.12,0.18
201609,630231,CD ALBUM (NOT CHART),1,2,92.067,91.382,92.067,0.09,0.06,0.09
201609,630232,INTERNET BLU-RAY DISC,1,0,121.851,126.984,126.984,0.12,0.08,0.12
201609,630233,BLU RAY DISC (FILM) FROM CHART,2,2,95.104,93.515,93.515,0.21,0.12,0.21
201609,630234,COMPUTER SOFTWARE,2,0,96.955,94.603,94.603,0.35,0.22,0.3
201609,630309,BOXED BOARD GAME: NOT TRAVEL,2,1,116.003,113.619,113.619,1.4,0.36,1.12
201609,630312,CHILD'S PLASTIC DOLL,2,1,100.719,98.882,98.882,1.2,0.36,0.96
201609,630313,MODEL RD VEHICLE EG HOT WHEELS,1,1,103.26,102.332,103.26,1.4,0.36,1.12
201609,630314,CONSTRUCTION TOY: SPEC KIT NO,2,1,101.056,99.892,99.892,1.4,0.36,1.12
201609,630317,SLEEPING BAG,2,1,105.069,101.263,101.263,0.42,0.27,0.28
201609,630332,CHILD'S SOFT TOY/TEDDY BEAR,2,1,100.3,98.33,98.33,1.4,0.36,1.12
201609,630333,COMPUTER GAMES CONSOLE,1,0,92.39,92.39,92.39,2,0.54,1.6
201609,630334,INTERNET COMPUTER GAMES,1,0,116.336,113.352,113.352,0.8,0.18,0.64
201609,630336,FOOTBALL,2,1,106.14,103.057,103.057,0.54,0.36,0.36
201609,630340,CARBON FIBRE FISHING ROD,2,2,98.904,98.639,98.639,0.36,0.27,0.24
201609,630341,PRESCHOOL ACTIVITY TOY,2,1,100.793,98.257,98.257,2.4,0.63,1.92
201609,630342,BEGINNER'S ACOUSTIC GUITAR,2,2,103.675,102.357,102.357,0.36,0.36,0.3
201609,630343,MEN'S FOOTBALL BOOTS,2,1,108.243,102.975,102.975,0.54,0.36,0.36
201609,630345,GOLF BALLS PRICE PER BALL,1,1,100.508,100.171,100.508,0.54,0.36,0.36
201609,630347,CHILD'S BABY DOLL,2,1,109.946,108.239,108.239,1.4,0.36,1.12
201609,630348,WATERSPORTS EQUIPMENT,2,0,100.471,101.035,101.035,1.2,0.27,1
201609,630352,CHILDS OUTDOOR SWING,2,1,101.208,100.498,100.498,0.4,0.09,0.32
201609,630353,CHILD'S TRIKE FOR UNDER 5'S,2,1,99.725,99.036,99.036,1.2,0.36,0.96
201609,630357,SQUASH/TENNIS RACQUET,2,1,98.042,96.491,96.491,0.45,0.27,0.3
201609,630358,PORTABLE DIGITAL STORAGE DEVIC,2,1,92.102,89.432,89.432,0.27,0.18,0.27
201609,630359,DIGITAL DEVELOPMENT PER PRINT,2,2,101.078,100.932,100.932,0.92,0.45,0.8
201609,630362,COMPUTER GAME TOP 20 CHART,2,2,89.85,85.229,85.229,2.6,0.63,2.08
201609,630365,CRAFT KIT FOR CHILD 5 YRS+,2,1,104.043,101.015,101.015,1.4,0.36,1.12
201609,630367,DIGITAL CAMCORDER,2,2,100.359,99.52,99.52,0.66,0.18,0.66
201609,630368,ELECTRONIC EDUCATIONAL TOY,2,1,98.018,95.757,95.757,0.4,0.09,0.32
201609,630369,CHARCOAL BBQ NOT DISPOSABLE,2,1,114.055,111.702,111.702,0.15,0.09,0.1
201609,630370,DIGITAL COMPACT CAMERAS,2,0,105.747,105.461,105.461,0.68,0.18,0.68
201609,630371,INTERCHANGEABLE LENS DIGI CAM,2,0,100.605,100.392,100.392,0.66,0.18,0.66
201609,630372,COMPUTER GAME DOWNLOADS,1,0,79.599,79.339,79.339,0.6,0.18,0.48
201609,630407,SUNDAY NEWSPAPERS,1,0,102.593,102.593,102.593,0.6,0.48,0.48
201609,630408,NATIONAL DAILY NEWSPAPERS,1,0,110.132,110.132,110.132,1.8,1.44,1.44
201609,630412,PERIODICALS,1,0,101.525,101.525,101.525,1.65,1.32,1.32
201609,630422,BOOK-REFERENCE (EG ATLAS/DICT),2,2,102.895,99.697,99.697,0.12,0.06,0.09
201609,630425,BOOK-NON-FICTION-HARD-COVER,2,2,91.673,89.091,89.091,0.88,0.42,0.66
201609,630426,BOOK-NON-FICTION-PAPER-BACK,1,2,103.518,103.044,103.518,0.84,0.42,0.63
201609,630434,BOOK ILLUSTRATED FOR UNDER 5,1,2,100.36,99.998,100.36,0.36,0.18,0.27
201609,630435,BOOK - FICTION - HARD COVER,2,2,110.989,107.43,107.43,0.44,0.18,0.33
201609,630436,PROVINCIAL NEWSPAPERS,1,0,101.772,101.772,101.772,0.95,0.78,0.76
201609,630437,BOOK - TEENAGE FICTION,2,2,99.96,99.734,99.734,0.36,0.18,0.27
201609,630438,EBOOKS,1,2,95.055,93.921,93.921,0.48,0.3,0.36
201609,630439,BOOK FICTION P/BACK TOP 10,2,2,93.552,92.798,92.798,0.52,0.24,0.39
201609,630505,GARDEN SPADE,2,1,95.62,94.599,94.599,0.6,0.45,0.6
201609,630507,HOUSEPLANT,1,1,113.839,109.323,113.839,0.28,0.3,0.28
201609,630510,POTTING COMPOST,1,1,100.228,100.409,100.228,0.28,0.3,0.28
201609,630512,SEED PACK. SPEC VAR SEASONAL,1,1,103.104,103.133,103.133,0.28,0.3,0.28
201609,630518,CUT FLOWERS-CARNATIONS-STEM,1,1,101.547,101.507,101.547,1.48,1.55,1.48
201609,630519,POTTED SHRUB,2,1,105.711,102.461,102.461,1.08,1.05,1.08
201609,630520,"MOWER ELECTRIC, SPECIFY TYPE",2,1,102.705,101.957,101.957,0.25,0.6,0.25
201609,630524,INTERNET FLOWERS/BOUQUET,1,0,97.446,97.446,97.446,0.2,0.2,0.2
201609,630525,PLANT FOOD 800ML-2LT/500G-1.5K,1,1,94.569,93.866,94.569,0.24,0.25,0.24
201609,640119,DIGITAL TV MONTHLY SUBS,1,0,105.406,105.406,105.406,4.37,5.04,3.8
201609,640124,TV LICENCE,1,0,100,100,100,3.91,6.72,3.4
201609,640125,TV RENTALS,1,0,100,100,100,0.46,0.12,0.4
201609,640127,DVD RENT/VID ON DEM SUBS SERVS,2,0,108.223,107.651,107.651,0.23,0.12,0.2
201609,640211,HISTORIC MONUMENTS - ADMISSION,1,0,105.349,105.349,105.349,1.15,0.16,1
201609,640212,THEATRE ADULT EVES-FRONT STLLS,2,1,103.288,101.168,101.168,1.61,1.12,1.4
201609,640217,ATTRACTIONS,1,0,137.149,137.149,137.149,0.4,0.48,0.32
201609,640219,SWIMMING POOL ADM STND ADULT,1,2,102.752,102.718,102.752,0.5,0.48,0.4
201609,640221,FOOTBALL ADMISSION (GB),1,0,99.882,99.882,99.882,0.6,0.64,0.48
201609,640222,EXERCISE CLASS UPTO 1HR,1,2,102.047,102.04,102.047,0.5,0.48,0.4
201609,640224,TEN-PIN BOWLING PER GAME,1,2,103.431,103.351,103.431,0.5,0.48,0.4
201609,640226,PRIVATE HEALTH CLUB ANNUAL FEE,2,2,101.93,101.473,101.473,2.1,2.24,1.68
201609,640228,LEISURE CLASSES,1,0,109.216,109.216,109.216,4,4,3.2
201609,640229,GOLF GREEN FEES,1,0,118.695,117.895,117.895,0.6,0.48,0.48
201609,640230,HORSERACING ADMISSIONS,1,0,104.955,104.955,104.955,0.6,0.48,0.48
201609,640234,CINEMA ADMISSION,2,0,102.303,102.482,102.482,2.07,1.44,1.8
201609,640236,LIVE MUSIC,1,0,102.209,102.209,102.209,1.61,1.12,1.4
201609,640238,ADMISSION TO CULTURAL EVENT,1,0,121.965,121.965,121.965,3.68,0.8,3.2
201609,640239,SOCIAL SUBSCRIPTIONS,1,0,104.103,104.103,104.103,2.07,0.8,1.8
201609,640240,LIVERY CHARGES PER WEEK,2,1,101.077,100.924,100.924,2.16,0.48,1.8
201609,640241,MUSIC STREAMING SUBSCRIPTIONS,1,0,100,100,100,0.92,0.16,0.8
201609,640242,GAMES CONSOLES ONLINE SUB SERV,1,0,90.877,94.402,94.402,0.2,0.16,0.16
201609,640303,FOREIGN HOLIDAYS-INSURANCE,2,0,95.145,94.461,94.461,0.2,0.8,0.15
201609,640304,FOREIGN HOLIDAYS-LATE BOOKING,2,0,98.341,97.104,97.104,5.76,6.8,4.8
201609,640305,FOREIGN HOLIDAYS-SELF CATERING,2,0,97.593,97.091,97.091,10.8,12.4,9
201609,640306,FOREIGN HOLIDAYS-HOTELS,2,0,96.974,96.683,96.683,11.88,13.6,9.9
201609,640307,FOREIGN HOLIDAYS-CRUISES,2,0,107.159,106.448,106.448,2.88,3.6,2.4
201609,640308,FOREIGN HOLIDAYS-CITY BREAKS,2,0,107.308,105.778,105.778,1.8,2,1.5
201609,640309,FOREIGN HOLIDAYS-COACH HOLIDAY,2,0,98.958,98.848,98.848,0.72,0.8,0.6
201609,640403,YOUTH HOSTEL ASSOCIATION,1,0,98.896,98.896,98.896,0.22,0.1,0.18
201609,640404,UK HOLIDAYS SELF CATERING,2,0,104.811,104.167,104.167,2.88,3.5,2.4
201609,640405,UK HOLIDAYS-EXCL SELF CATERING,2,0,108.102,107.085,107.085,2.16,4.8,1.8
201609,640406,HOTEL 1 NIGHT PRICE,2,1,121.762,115.027,115.027,7.7,1.6,6.3
201609,640407,CPI ACCOMODATION SERVICE PROXY,1,0,105.955,105.955,105.955,12.98,0,10.62
